description,true,pred,rougeL,bleu,levenshtein,brandability,is_valid_domain,relevance,creativity,safety,comments,moderation_flagged,moderation_categories
"A subscription box service for unique, handmade jewelry.",handmadebox.com<|eot_id|>,handmadejewelrybox.com,0.3333333333333333,0.0,16,3,True,5,2,5,"The domain name is highly relevant and safe. However, it lacks creativity and could be slightly difficult to remember due to its length.",False,
A subscription service for healthy meal delivery.,freshmeal.com<|eot_id|>,healthymeal.com,0.3333333333333333,0.0,16,4,True,5,2,5,"The domain name is highly relevant and safe. It is easy to remember and spell, but lacks creativity as it is quite generic.",False,
"An online store that sells handmade, one-of-a-kind jewelry.",jewelryzone.com<|eot_id|>,uniquejewelry.com,0.3333333333333333,0.0,20,4,True,5,2,5,"The domain name is highly relevant and safe. It's easy to remember and spell, but lacks a bit in creativity as it's quite generic.",False,
A meal delivery service that specializes in plant-based cuisine.,vegetarianeats.com<|eot_id|>,plant-basedfood.com,0.2857142857142857,0.0,23,3,True,5,2,5,"The domain name is highly relevant and safe. However, it lacks creativity and is somewhat generic, which might make it less memorable.",False,
A platform for renting out vacation homes and properties.,vacationhomerentals.com<|eot_id|>,vacationhomes.com,0.3333333333333333,0.0,16,4,True,5,2,5,"The domain name is highly relevant and safe. However, it lacks creativity as it is quite generic. It is easy to remember and spell, making it fairly brandable.",False,
An online platform for connecting freelancers with potential clients.,skillstar.com<|eot_id|>,freelancers.com,0.3333333333333333,0.0,19,4,True,5,2,5,"Highly relevant and safe, but lacks creativity. Brandability is good due to its simplicity and directness.",False,
A platform for pet sitters and dog walkers.,petsitting.com<|eot_id|>,pet-care.com,0.2857142857142857,0.0,17,4,True,5,2,5,"The domain name is highly relevant and safe. However, it lacks creativity as it is quite generic. It is easy to remember and spell, making it fairly brandable.",False,
A platform that allows freelancers to connect with clients and book projects.,freelancehub.com<|eot_id|>,freelancers.net,0.0,0.0,14,4,True,5,2,5,"The domain name is highly relevant and safe. It's easy to remember and spell, but lacks a bit in creativity.",False,
An online marketplace for sustainable fashion.,greenfashion.com<|eot_id|>,sustainablefashion.com,0.3333333333333333,0.0,20,3,True,5,2,5,"The domain name is highly relevant and safe. However, it lacks creativity and is somewhat generic, which may affect its brandability.",False,
A platform for connecting freelancers with businesses in need of their services.,freelancers.com<|eot_id|>,freelancers.com,0.6666666666666666,0.1495348781221221,10,4,True,5,2,5,"The domain name is highly relevant and safe. However, it lacks creativity as it is quite generic. It's easy to remember and spell, making it brandable.",False,
A fitness app that offers personalized workout plans and nutrition advice.,fitme.com<|eot_id|>,fitnessapp.net,0.0,0.0,14,3,True,5,2,5,"The domain name is highly relevant and safe, but lacks creativity and is somewhat generic, which might affect its brandability.",False,
A tutoring service for students of all ages.,studying.io<|eot_id|>,tutor.com,0.0,0.0,17,5,True,5,1,5,"Highly relevant, brandable, and safe. However, it lacks creativity as it is very generic.",False,
A mobile app that helps people find local fitness classes and trainers.,fitfinder.app<|eot_id|>,fitnessfinder.com,0.0,0.0,16,4,True,5,2,5,"The domain name is highly relevant and safe. It's easy to remember and spell, but lacks a bit in creativity as it uses common terms.",False,
A platform that connects freelance writers with clients.,wordsmith.io<|eot_id|>,writerconnection.com,0.0,0.0,17,4,True,5,2,5,"The domain name is highly relevant and safe, but lacks creativity. It is fairly easy to remember and spell.",False,
A platform for connecting freelance writers with potential clients.,writeoncall.com<|eot_id|>,freelancewriters.com,0.3333333333333333,0.0,21,4,True,5,2,5,"The domain name is highly relevant and safe. However, it lacks creativity as it is quite straightforward. It is fairly easy to remember and spell.",False,
"A personalized meal delivery service that offers healthy, customizable meals.",mealprep.com<|eot_id|>,mealify.com,0.3333333333333333,0.0,14,4,True,4,3,5,"The domain name is relevant and easy to remember. It's safe and appropriate for the business. However, it lacks a bit of creativity as 'ify' is a common suffix used in many business names.",False,
